p,T,phi,omega_NO_ff_dx,omega_NO2_ff_dx,omega_NO_pf,omega_NO2_pf,delta_l,s_l,ff_time
100000,404,0.25,7.785455185991309e-13,6.269164089023688e-12,8.23748659149848e-12,-9.845701853213292e-12,0.24620689655172415,0.0016897556359671145,108.55333115467855
100000,404,0.2755102040816326,1.2234439495217532e-11,2.35157923658841e-11,5.007871724925802e-10,-6.04436469083676e-10,0.11551724137931037,0.00333542772239451,26.36271416327528
100000,404,0.3010204081632653,1.0323755479760745e-10,3.4656347045533014e-11,1.944444100097772e-09,-1.4909110073222194e-09,0.06568965517241382,0.006107989336534896,8.152230381817871
100000,404,0.326530612244898,3.979713307538039e-10,4.890152147964316e-11,4.885679811527423e-09,-2.56573305045163e-09,0.03775862068965517,0.010370580950203162,2.619206546914013
100000,404,0.3520408163265306,1.172647636983981e-09,6.934041411553525e-11,8.525267042611873e-09,-2.9944541636896694e-09,0.025517241379310347,0.0166198925705565,1.073437945304862
100000,404,0.37755102040816324,2.9704550017659203e-09,9.951407089753722e-11,2.6691707686929116e-08,-6.974048393159711e-09,0.018103448275862074,0.025335624148421942,0.47696664336229416
100000,404,0.4030612244897959,6.863823518954162e-09,1.3439832506018127e-10,4.5283791225139465e-08,-9.065885365399799e-09,0.013448275862068967,0.0372632101581103,0.2264656719715038
100000,404,0.4285714285714286,1.4683869437522409e-08,2.0460631130632424e-10,1.347326743456822e-07,-1.992223921222805e-08,0.010517241379310345,0.05272056742207352,0.11743591497082081
100000,404,0.45408163265306123,2.9662139870528168e-08,2.7344371365980357e-10,1.8237025827499874e-07,-2.0954905922523327e-08,0.008793103448275863,0.07171334012946398,0.06691063461075103
100000,404,0.47959183673469385,5.6601856817758476e-08,3.65614366285216e-10,2.6256257115133556e-07,-2.1694291824911013e-08,0.007931034482758621,0.09383495952745431,0.042896310918467725
100000,404,0.5051020408163265,1.0261551571991573e-07,5.44801605181488e-10,3.9591263143370106e-07,-2.1437416609392307e-08,0.007327586206896551,0.118623834689599,0.02857432618725176
100000,404,0.5306122448979592,1.7743263161877592e-07,7.059650418130323e-10,6.715786810557322e-07,-2.239718832972244e-08,0.00706896551724138,0.14561452089506052,0.020394828004053567
100000,404,0.5561224489795918,2.944771660493093e-07,8.226451885215831e-10,1.157263756573747e-06,-1.9433592409712797e-08,0.006982758620689656,0.17424914561291704,0.015621184287317909
100000,404,0.5816326530612245,4.731973201564265e-07,1.1658521271468264e-09,2.1232823241696568e-06,-1.4327336424786698e-08,0.0071551724137931035,0.2043708133555574,0.012725182983544425
100000,404,0.6071428571428572,7.3802229972821e-07,1.5520976303868331e-09,4.399140870586312e-06,-9.828052001540758e-09,0.007112068965517242,0.23542464287781345,0.010171889463535458
100000,404,0.6326530612244898,1.1270454892107072e-06,2.0974290387901947e-09,8.913392673068109e-06,2.220245078016883e-10,0.0073275862068965525,0.2671076958946268,0.008660560078006444
100000,404,0.6581632653061225,1.6912929785606875e-06,2.663111182274571e-09,1.748628341280636e-05,1.7858147729602295e-08,0.007758620689655173,0.29910037243046417,0.007599815586671202
100000,404,0.6836734693877551,2.4992293723130456e-06,3.5725175512357276e-09,3.435315079060657e-05,4.49497149154422e-08,0.008017241379310345,0.33118359467059855,0.006738317629345232
100000,404,0.7091836734693877,3.647398125645657e-06,4.636730072697844e-09,6.640077559576032e-05,8.863026731770155e-08,0.00831896551724138,0.36303965821927225,0.006147455093697317
100000,404,0.7346938775510204,5.3079440088622524e-06,6.2232606133202905e-09,0.00012235792446410197,1.560600290435885e-07,0.008965517241379312,0.39415501437816647,0.005839757491813769
100000,404,0.7602040816326531,7.578719212235507e-06,8.064771951137946e-09,0.00021352392399507001,2.5200198951883764e-07,0.009267241379310346,0.42440538111826986,0.00541709945666601
100000,404,0.7857142857142857,1.08028210363777e-05,1.0281335740209062e-08,0.0003580307109475305,3.813480547999023e-07,0.009913793103448275,0.4533343373360216,0.0052143606847372655
100000,404,0.8112244897959184,1.4986707289934442e-05,1.2680651254504301e-08,0.0005763260526336426,5.483431846886533e-07,0.01019396551724138,0.4809141403856702,0.004861413507441928
100000,404,0.8367346938775511,2.0695332620428157e-05,1.546455989429563e-08,0.0008849895600384082,7.481573911265883e-07,0.010862068965517242,0.5066146072583064,0.004777986784120778
100000,404,0.8622448979591837,2.74872472544342e-05,1.81082677374059e-08,0.0012957387876806337,9.697410904585868e-07,0.011185344827586208,0.5304607282717401,0.004594197101333625
100000,404,0.8877551020408163,3.544373600754803e-05,2.0379507077306913e-08,0.0017927325208399805,1.1658566666321734e-06,0.011508620689655174,0.552054359776909,0.004445760898026387
100000,404,0.9132653061224489,4.4160213867730116e-05,2.1878427412852017e-08,0.002342452667032551,1.3205156294250834e-06,0.011853448275862068,0.5712262257478161,0.004366172446786297
100000,404,0.9387755102040817,5.2967964114888276e-05,2.2353791398609846e-08,0.0028731735012327325,1.3814002432604636e-06,0.012176724137931035,0.5877531774641495,0.004276750972307455
100000,404,0.9642857142857143,6.079249398795179e-05,2.119400925465015e-08,0.003275805924012752,1.3131888132119939e-06,0.012521551724137932,0.6014436692114148,0.004250657583423114
100000,404,0.9897959183673469,6.534723399020464e-05,1.813554584042906e-08,0.003446491401941367,1.1276960809349463e-06,0.012500000000000002,0.6121486378435551,0.004115529488573529
100000,404,1.0153061224489797,6.703469939865132e-05,1.4120916614926244e-08,0.0033118972243433385,8.523718284024667e-07,0.012500000000000002,0.6196033663428816,0.004045842500453219
100000,404,1.0408163265306123,6.586558052292225e-05,9.607336116670086e-09,0.0028954017446299464,5.666452499924813e-07,0.012500000000000002,0.6236839438693584,0.004004725101888092
100000,404,1.066326530612245,6.250549753809906e-05,5.596467810099762e-09,0.0023104862377724047,3.235880453847986e-07,0.012500000000000002,0.6240381653174978,0.0039926165061072655
100000,404,1.0918367346938775,5.791558462498719e-05,2.3444344535211703e-09,0.0017027602464151853,1.566394293891533e-07,0.012500000000000002,0.6205147451568408,0.004009957653477465
100000,404,1.1173469387755102,5.2281942066699027e-05,-1.4655733940030078e-10,0.0011981414589211817,6.219217827812392e-08,0.012176724137931035,0.612784139446937,0.003896963393169626
100000,404,1.1428571428571428,4.8270816211338545e-05,-1.8360991615611048e-09,0.0007823002230033131,1.4547609291409122e-08,0.012176724137931035,0.600410901789151,0.003978823117633862
100000,404,1.1683673469387754,4.507203326394663e-05,-3.1431256648184063e-09,0.0004946760699517469,-4.672189485840963e-09,0.012176724137931035,0.5834135115220265,0.004098501719070985
100000,404,1.193877551020408,4.250900854946324e-05,-4.058218089779602e-09,0.0003133303911084207,-1.2969985188394398e-08,0.011508620689655174,0.5618531324556219,0.004082193685224697
100000,404,1.219387755102041,4.094794987412365e-05,-4.130604728609878e-09,0.00018605999729874495,-1.344823326288839e-08,0.011530172413793106,0.5353384141439153,0.004330215182624863
100000,404,1.2448979591836735,3.98006631909967e-05,-3.7890225792230815e-09,0.00010206281173124304,-1.1886009914799377e-08,0.011573275862068967,0.5039209314762125,0.004692338351039944
100000,404,1.2704081632653061,3.880091696218702e-05,-4.260111634573796e-09,4.515336763199514e-05,-9.810480884895802e-09,0.0115948275862069,0.46828507881611825,0.0051029833747542695
100000,404,1.2959183673469388,3.771327911759838e-05,-4.479750545470991e-09,4.259367255066294e-06,-7.753379964421817e-09,0.011659482758620693,0.42969755996497755,0.005718303453140524
100000,404,1.3214285714285714,3.620348385824114e-05,-4.184901420749024e-09,-2.6192950767250397e-05,-6.671125973469662e-09,0.011012931034482757,0.38928657399118655,0.006109319158456609
100000,404,1.346938775510204,3.410278680505389e-05,-1.5381231176043769e-09,-4.970600951918487e-05,-4.907457363918604e-09,0.01109913793103448,0.3488177956664495,0.007068660279010816
100000,404,1.3724489795918369,3.117422601724819e-05,-1.7720384122062774e-09,-5.7727334559704266e-05,-3.3630159110600593e-09,0.011185344827586206,0.3095779436701566,0.00824453192877328
100000,404,1.3979591836734695,2.7235062821732787e-05,-1.2943957989460018e-09,-1.4753966227999563e-05,-2.0007537563445155e-09,0.010603448275862069,0.2738539674324584,0.009247389316556201
100000,404,1.4234693877551021,2.1050471482182618e-05,-2.0311878618890285e-09,0.00017963684121967627,1.6021961104083197e-10,0.00935344827586207,0.24299071007635517,0.010155608425955327
100000,404,1.4489795918367347,9.009696056422793e-06,-1.5578723073187324e-09,0.0005580704902322272,1.913870537239781e-09,0.004827586206896554,0.21903249848396397,0.008055275914278296
100000,404,1.4744897959183674,4.737250903317613e-06,-1.123147226387032e-09,0.00042276423086614213,9.959508259920703e-10,0.004051724137931034,0.20181688436773407,0.0084
