omega_direct_r,omega_direct_i,omega_adjoint_r,omega_adjoint_i
7.449588388223462587e-01,1.314590244141131646e-02,7.449588388223462587e-01,-1.314590244141148646e-02
7.457742810938806644e-01,-8.240345144571342706e-02,7.457744629787659285e-01,8.240345854174406515e-02
7.225778991837600307e-01,-8.022262749916915514e-02,7.225779751789686012e-01,8.022265785248726411e-02
7.495384066832274650e-01,-8.582246026576932640e-02,7.495381596189251150e-01,8.582256617010664002e-02
7.713120636852942580e-01,-8.661378545477557700e-02,7.713119859874009165e-01,8.661374291107076795e-02
7.078549225625095920e-01,-8.011123109856528590e-02,7.078549960578888189e-01,8.011113324449573025e-02
7.834015514470213937e-01,-8.559937089641851682e-02,7.834015814298369573e-01,8.559931713113122509e-02
6.930173154777126143e-01,-8.122405674054974933e-02,6.930171897505720269e-01,8.122397504727352224e-02
7.512807215545437289e-01,-9.923799683068200428e-02,7.512810772931594050e-01,9.923815314416581379e-02
7.338872895107895200e-01,-9.879401256001840714e-02,7.338874096375596068e-01,9.879391052054872779e-02
